Usuario,Post,Emoción detectada,Consejo
luchof26,,neutral,El contenido está vacío o no es un texto válido.
PanDeTrigo,"Soy un pibe de 15 casi 16 años, con miedo a mostrarse al mundo, miedo a que mis ""amigos"" no me acepten como soy, miedo a mí futuro, desde chico pase por muchas cosas que me quedaron marcadas en la conciencia (ver cómo mí padre golpeaba a mí madre, como no tenía amigos, me hacían bullying, la falta de comida en el hogar, etc) nosé que hacer ahora.
Crecer y desaparecer?
Irme?
Quedarme?
Pedir ayuda?
Hace años que voy a psicólogo y aún sigo igual...
Tengo miedo de la vida, ya no siento nada, ni llorar me sirve.
Muestro una sonrisa todos los días pero.... En realidad ando destrozado, acabado, encerio nosé que hacer...",neutral,Recuerda siempre cuidar tu bienestar emocional y buscar ayuda si es necesario.
Sr-ciyar,"Soy un joven inútil de 18 años que siente temor por su futuro pero llevo 3 y medio sin ningún amigo nadie con quien hablar solo mi madre que trabaja todo el día y mi hermana que trabaja y muy muy pocas veces hablo con ella,los 2 primeros años era un infierno estar solo sin hablar con nadie pero ya al 3er año de estar en esa situación me acostumbre a estar solo a estar callado tanto que cuando tengo ganas de hablar hablo conmigo mismo en mi mente pero mi madre una vez me dijo que siempre tengo que ser amable con la gente y sonreír para hacer amigos y se que los amigos son importantes para que te ayuden en momentos difíciles y esas cosas pero a este punto ya me da igual tener o no tener amigos o pareja pero como tengo miedo que eso me afecte en un futuro y a veces sueño que tengo amigos que tengo una familia y muy dentro de mi me gustaría hacer eso pero lo miro muy complicado.

Que debería hacer? Seguir siendo como soy o tratar de buscar  amigos ?",neutral,Recuerda siempre cuidar tu bienestar emocional y buscar ayuda si es necesario.
Tough-Major,"Como ven tengo problemas graves de autoestima, odiar todo de mi es difícil sentir el rechazo de la mayoría de las mujeres, hasta aveces intento quitarme la vida porque me considero un error y me pone muy triste nunca poder estar con alguien que me gusta",disgust,Tómate un momento para reflexionar sobre lo que te provoca esta sensación y si es algo que puedas cambiar o evitar.
freendlysalamder,"Hola
Estuve leyendo historias en este sub y quise compartir la mía. Gracias al que la lea. 
No quiero respuestas ni soluciones, solo saber que no estoy tan sola.
 Tengo 24 y me convertí en lo que tuve miedo toda la vida, una persona solitaria. 
Siempre le tuve miedo a la soledad, cuando era adolescente tenía muchos amigos en la escuela y fuera de esta. Hasta que me mudé (a los 22) no había un solo día que no salga con amigos. De chica no tuve amigos la verdad, nisiquiera soy amiga de mis primos, pero en el secundario me volví muy sociable y estudiando en la universidad más aún. 
Pero hoy no es así. 
Vivo en una ciudad donde no conozco a nadie, aunque me llevo bien con compañeros de trabajo no puedo considerarlos mis amigos para nada. Algunos me han propuesto hablar pero se nota que es por lástima. 
También, todo lo sociable que era hace unos años se esfumó de mí. Actualmente hasta me da vergüenza preguntar el precio de algo en el super. 
De las relaciones románticas ni hablar, creo que es un caso cerrado, nunca tuve una relación seria. Todos mis ""intereses románticos"" viven en mi ciudad natal y sé que nomás me buscan para coger, nada más. 
Intenté conocer gente por apps pero solo quieren coger y yo no estoy interesada (algo también mental, no produzco libido o algo así)
Tampoco tengo una buena relación con mi familia, los quiero mucho pero no somos muy cercanos. Vivimos muy lejos los unos de los otros y nos herimos mucho en el pasado, así que estamos fragmentados. Cuando los llamo no hay mucho feedback. 
Concluyo que estoy escribiendo esto por qué ya van 4 meses de cuarentena y mi necesidad de relaciones humanas me sobrepasa, hay días que estoy completamente en silencio en mi casa, que no se dice nada. 
Mi única compañía y cable a tierra es mi gatita, que lleva conmigo 4 años. Sí, se que suena muy raro pero es la verdad. Los animales son superiores a los humanos, fight me. 

Me gustaría tener amigos y no tener noches así, donde lloro por qué me siento incapaz de afrontar la vida. Pienso en que quiero hacer tantas cosas pero que no soy capaz y que nunca voy a poder. 
Sé que la vida es hermosa y que hay que vivirla, hace años elegí seguir viviendo pero me cuesta tanto.
Si estás leyendo esto y te sentís igual, no estás solo. 
Sé que va a haber momentos mejores, solo es cuestión de que nos esforcemos. 
Gracias por leerme. 
♥️",fear,Identifica qué te preocupa específicamente y da pequeños pasos para enfrentarlo. Considera hablar con alguien de confianza.
